{
  "name": "cntrs_alt2",
  "method_id": "ahp",
  "criteria": [
    "\u0421\u0432\u043e\u0431\u043e\u0434\u044b \u0438 \u0431\u0435\u0437\u043e\u043f\u0430\u0441\u043d\u043e\u0441\u0442\u044c",
    "\u0424\u0438\u043d\u0430\u043d\u0441\u044b \u0438 \u043a\u0430\u043f\u0438\u0442\u0430\u043b",
    "\u0417\u0434\u043e\u0440\u043e\u0432\u044c\u0435 \u0438 \u043c\u0435\u0434\u0438\u0446\u0438\u043d\u0430",
    "\u042d\u043a\u043e\u043b\u043e\u0433\u0438\u044f \u0438 \u043a\u043b\u0438\u043c\u0430\u0442",
    "\u0421\u043e\u0446\u0438\u0430\u043b\u0438\u0437\u0430\u0446\u0438\u044f",
    "\u0414\u0435\u0442\u0438 \u0438 \u0441\u0435\u043c\u044c\u044f",
    "\u0418\u043c\u043c\u0438\u0433\u0440\u0430\u0446\u0438\u044f \u0438 \u043f\u0430\u0441\u043f\u043e\u0440\u0442"
  ],
  "pairwise": [
    [
      1.0,
      0.3333333333333333,
      0.5,
      0.2,
      0.3333333333333333,
      0.5,
      0.5
    ],
    [
      3.0,
      1.0,
      2.0,
      0.5,
      5.0,
      0.5,
      0.5
    ],
    [
      2.0,
      0.5,
      1.0,
      0.3333333333333333,
      2.0,
      1.0,
      0.5
    ],
    [
      5.0,
      2.0,
      3.0,
      1.0,
      3.0,
      0.5,
      0.5
    ],
    [
      3.0,
      0.2,
      0.5,
      0.3333333333333333,
      1.0,
      0.2,
      0.3333333333333333
    ],
    [
      2.0,
      2.0,
      1.0,
      2.0,
      5.0,
      1.0,
      2.0
    ],
    [
      2.0,
      2.0,
      2.0,
      2.0,
      3.0,
      0.5,
      1.0
    ]
  ],
  "weights": [
    0.05400046677982238,
    0.15121262485004774,
    0.10700976397737731,
    0.19532260894824519,
    0.0611946430042527,
    0.23412812307969838,
    0.19713176936055624
  ],
  "consistency_ratio": 0.09484470473571849,
  "promethee_weights": [
    1.0,
    1.0,
    1.0,
    1.0,
    1.0,
    1.0,
    1.0
  ],
  "promethee_functions": [
    "t1",
    "t1",
    "t1",
    "t1",
    "t1",
    "t1",
    "t1"
  ],
  "promethee_q": [
    0.0,
    0.0,
    0.0,
    0.0,
    0.0,
    0.0,
    0.0
  ],
  "promethee_p": [
    0.0,
    0.0,
    0.0,
    0.0,
    0.0,
    0.0,
    0.0
  ],
  "promethee_s": [
    0.0,
    0.0,
    0.0,
    0.0,
    0.0,
    0.0,
    0.0
  ],
  "promethee_directions": [
    "max",
    "max",
    "max",
    "max",
    "max",
    "max",
    "max"
  ],
"options": [
    "Lisbon",
    "Barcelona",
    "Silicon Valley",
    "Sydney",
    "Moscow",
    "London",
    "Zurich",
    "Amsterdam",
    "Toronto",
    "Singapore",
    "Vancouver",
    "Auckland",
    "Vienna",
    "Dubai",
    "Melbourne",
    "Budapest",
    "Gothenburg"
  ],
  "scores": [
    [9, 6, 7, 9, 8, 8, 10],
    [8, 6, 9, 8, 7, 8, 7],
    [8, 9, 7, 9, 8, 7, 5],
    [9, 7, 9, 9, 9, 9, 9],
    [3, 4, 5, 5, 4, 6, 3],
    [9, 7, 8, 7, 9, 8, 8],
    [10, 9, 10, 9, 6, 8, 6],
    [9, 7, 8, 7, 9, 9, 7],
    [9, 7, 9, 7, 10, 9, 10],
    [7, 8, 9, 6, 9, 8, 7],
    [8, 6, 8, 8, 8, 8, 7],
    [8, 4, 8, 8, 7, 8, 7],
    [9, 6, 9, 7, 6, 8, 5],
    [5, 8, 8, 5, 6, 6, 4],
    [8, 6, 9, 7, 8, 7, 7],
    [5, 5, 5, 6, 5, 7, 7],
    [8, 7, 9, 8, 8, 9, 8]
  ],
  "results": [
    { "option": "Lisbon", "score": 8.142857142857142 },
    { "option": "Barcelona", "score": 7.571428571428571 },
    { "option": "Silicon Valley", "score": 7.571428571428571 },
    { "option": "Sydney", "score": 8.714285714285714 },
    { "option": "Moscow", "score": 4.285714285714286 },
    { "option": "London", "score": 8.0 },
    { "option": "Zurich", "score": 8.285714285714285 },
    { "option": "Amsterdam", "score": 8.0 },
    { "option": "Toronto", "score": 8.714285714285714 },
    { "option": "Singapore", "score": 7.7142857142857135 },
    { "option": "Vancouver", "score": 7.571428571428571 },
    { "option": "Auckland", "score": 7.142857142857142 },
    { "option": "Vienna", "score": 7.142857142857143 },
    { "option": "Dubai", "score": 5.999999999999999 },
    { "option": "Melbourne", "score": 7.428571428571429 },
    { "option": "Budapest", "score": 5.7142857142857135 },
    { "option": "Gothenburg", "score": 8.142857142857142 }
  ]
}