{
  "name": "cntrs",
  "method_id": "ahp",
  "criteria": [
    "\u0421\u0432\u043e\u0431\u043e\u0434\u044b \u0438 \u0431\u0435\u0437\u043e\u043f\u0430\u0441\u043d\u043e\u0441\u0442\u044c",
    "\u0424\u0438\u043d\u0430\u043d\u0441\u044b \u0438 \u043a\u0430\u043f\u0438\u0442\u0430\u043b",
    "\u0417\u0434\u043e\u0440\u043e\u0432\u044c\u0435 \u0438 \u043c\u0435\u0434\u0438\u0446\u0438\u043d\u0430",
    "\u042d\u043a\u043e\u043b\u043e\u0433\u0438\u044f \u0438 \u043a\u043b\u0438\u043c\u0430\u0442",
    "\u0421\u043e\u0446\u0438\u0430\u043b\u0438\u0437\u0430\u0446\u0438\u044f",
    "\u0414\u0435\u0442\u0438 \u0438 \u0441\u0435\u043c\u044c\u044f",
    "\u0418\u043c\u043c\u0438\u0433\u0440\u0430\u0446\u0438\u044f \u0438 \u043f\u0430\u0441\u043f\u043e\u0440\u0442"
  ],
  "pairwise": [
    [
      1.0,
      0.3333333333333333,
      0.5,
      0.2,
      0.3333333333333333,
      1.0,
      0.5
    ],
    [
      3.0,
      1.0,
      2.0,
      0.5,
      5.0,
      0.5,
      0.5
    ],
    [
      2.0,
      0.5,
      1.0,
      0.3333333333333333,
      2.0,
      1.0,
      0.5
    ],
    [
      5.0,
      2.0,
      3.0,
      1.0,
      3.0,
      0.5,
      0.5
    ],
    [
      3.0,
      0.2,
      0.5,
      0.3333333333333333,
      1.0,
      0.2,
      0.3333333333333333
    ],
    [
      1.0,
      2.0,
      1.0,
      2.0,
      5.0,
      1.0,
      2.0
    ],
    [
      2.0,
      2.0,
      2.0,
      2.0,
      3.0,
      0.5,
      1.0
    ]
  ],
  "weights": [
    0.06061863840980094,
    0.1537419660300663,
    0.10879972168071363,
    0.19858978005046882,
    0.062218248875129445,
    0.21560244257384553,
    0.2004292023799753
  ],
  "consistency_ratio": 0.12456351590026031,
  "promethee_weights": [
    1.0,
    1.0,
    1.0,
    1.0,
    1.0,
    1.0,
    1.0
  ],
  "promethee_functions": [
    "t1",
    "t1",
    "t1",
    "t1",
    "t1",
    "t1",
    "t1"
  ],
  "promethee_q": [
    0.0,
    0.0,
    0.0,
    0.0,
    0.0,
    0.0,
    0.0
  ],
  "promethee_p": [
    0.0,
    0.0,
    0.0,
    0.0,
    0.0,
    0.0,
    0.0
  ],
  "promethee_s": [
    0.0,
    0.0,
    0.0,
    0.0,
    0.0,
    0.0,
    0.0
  ],
  "promethee_directions": [
    "max",
    "max",
    "max",
    "max",
    "max",
    "max",
    "max"
  ],
  "options": [
    "\u041b\u0438\u0441\u0441\u0430\u0431\u043e\u043d (\u041f\u043e\u0440\u0442\u0443\u0433\u0430\u043b\u0438\u044f)",
    "\u0411\u0430\u0440\u0441\u0435\u043b\u043e\u043d\u0430 (\u0418\u0441\u043f\u0430\u043d\u0438\u044f)",
    "Silicon Valley (\u0421\u0428\u0410)",
    "\u0421\u0438\u0434\u043d\u0435\u0439 (\u0410\u0432\u0441\u0442\u0440\u0430\u043b\u0438\u044f)",
    "\u041c\u043e\u0441\u043a\u0432\u0430 (\u0420\u043e\u0441\u0441\u0438\u044f)",
    "\u041b\u043e\u043d\u0434\u043e\u043d (\u0412\u0435\u043b\u0438\u043a\u043e\u0431\u0440\u0438\u0442\u0430\u043d\u0438\u044f)",
    "\u0426\u044e\u0440\u0438\u0445 (\u0428\u0432\u0435\u0439\u0446\u0430\u0440\u0438\u044f)",
    "\u0410\u043c\u0441\u0442\u0435\u0440\u0434\u0430\u043c (\u041d\u0438\u0434\u0435\u0440\u043b\u0430\u043d\u0434\u044b)",
    "\u0422\u043e\u0440\u043e\u043d\u0442\u043e (\u041a\u0430\u043d\u0430\u0434\u0430)",
    "\u0421\u0438\u043d\u0433\u0430\u043f\u0443\u0440"
  ],
  "scores": [
    [
      8.0,
      5.0,
      7.0,
      9.0,
      7.0,
      7.0,
      9.0
    ],
    [
      7.0,
      6.0,
      9.0,
      8.0,
      6.0,
      8.0,
      7.0
    ],
    [
      8.0,
      9.0,
      7.0,
      9.0,
      8.0,
      6.0,
      5.0
    ],
    [
      9.0,
      6.0,
      9.0,
      9.0,
      8.0,
      9.0,
      8.0
    ],
    [
      2.0,
      6.0,
      4.0,
      4.0,
      10.0,
      5.0,
      10.0
    ],
    [
      8.0,
      7.0,
      7.0,
      6.0,
      8.0,
      7.0,
      8.0
    ],
    [
      10.0,
      8.0,
      10.0,
      10.0,
      6.0,
      8.0,
      6.0
    ],
    [
      9.0,
      7.0,
      8.0,
      6.0,
      9.0,
      9.0,
      7.0
    ],
    [
      9.0,
      6.0,
      8.0,
      6.0,
      9.0,
      9.0,
      10.0
    ],
    [
      7.0,
      9.0,
      9.0,
      5.0,
      9.0,
      8.0,
      7.0
    ]
  ],
  "results": [
    {
      "option": "\u0421\u0438\u0434\u043d\u0435\u0439 (\u0410\u0432\u0441\u0442\u0440\u0430\u043b\u0438\u044f)",
      "score": 0.7146038066648065
    },
    {
      "option": "\u0422\u043e\u0440\u043e\u043d\u0442\u043e (\u041a\u0430\u043d\u0430\u0434\u0430)",
      "score": 0.692901872863559
    },
    {
      "option": "\u0426\u044e\u0440\u0438\u0445 (\u0428\u0432\u0435\u0439\u0446\u0430\u0440\u0438\u044f)",
      "score": 0.6851022870699123
    },
    {
      "option": "\u0410\u043c\u0441\u0442\u0435\u0440\u0434\u0430\u043c (\u041d\u0438\u0434\u0435\u0440\u043b\u0430\u043d\u0434\u044b)",
      "score": 0.6110798429430904
    },
    {
      "option": "\u0421\u0438\u043d\u0433\u0430\u043f\u0443\u0440",
      "score": 0.6039305459839194
    },
    {
      "option": "\u041b\u0438\u0441\u0441\u0430\u0431\u043e\u043d (\u041f\u043e\u0440\u0442\u0443\u0433\u0430\u043b\u0438\u044f)",
      "score": 0.5490544684327836
    },
    {
      "option": "\u0411\u0430\u0440\u0441\u0435\u043b\u043e\u043d\u0430 (\u0418\u0441\u043f\u0430\u043d\u0438\u044f)",
      "score": 0.5412552748302569
    },
    {
      "option": "Silicon Valley (\u0421\u0428\u0410)",
      "score": 0.5041070241341906
    },
    {
      "option": "\u041b\u043e\u043d\u0434\u043e\u043d (\u0412\u0435\u043b\u0438\u043a\u043e\u0431\u0440\u0438\u0442\u0430\u043d\u0438\u044f)",
      "score": 0.5020992831653696
    },
    {
      "option": "\u041c\u043e\u0441\u043a\u0432\u0430 (\u0420\u043e\u0441\u0441\u0438\u044f)",
      "score": 0.3010829427626213
    }
  ]
}