{
  "name": "cntrs_new_scores",
  "method_id": "ahp",
  "criteria": [
    "\u0421\u0432\u043e\u0431\u043e\u0434\u044b \u0438 \u0431\u0435\u0437\u043e\u043f\u0430\u0441\u043d\u043e\u0441\u0442\u044c",
    "\u0424\u0438\u043d\u0430\u043d\u0441\u044b \u0438 \u043a\u0430\u043f\u0438\u0442\u0430\u043b",
    "\u0417\u0434\u043e\u0440\u043e\u0432\u044c\u0435 \u0438 \u043c\u0435\u0434\u0438\u0446\u0438\u043d\u0430",
    "\u042d\u043a\u043e\u043b\u043e\u0433\u0438\u044f \u0438 \u043a\u043b\u0438\u043c\u0430\u0442",
    "\u0421\u043e\u0446\u0438\u0430\u043b\u0438\u0437\u0430\u0446\u0438\u044f",
    "\u0414\u0435\u0442\u0438 \u0438 \u0441\u0435\u043c\u044c\u044f",
    "\u0418\u043c\u043c\u0438\u0433\u0440\u0430\u0446\u0438\u044f \u0438 \u043f\u0430\u0441\u043f\u043e\u0440\u0442"
  ],
  "pairwise": [
    [
      1.0,
      1.0,
      2.0,
      3.0,
      0.5,
      1.0,
      5.0
    ],
    [
      1.0,
      1.0,
      2.0,
      2.0,
      1.0,
      2.0,
      7.0
    ],
    [
      0.5,
      0.5,
      1.0,
      0.5,
      0.5,
      1.0,
      3.0
    ],
    [
      0.3333333333333333,
      0.5,
      2.0,
      1.0,
      0.5,
      0.3333333333333333,
      2.0
    ],
    [
      2.0,
      1.0,
      2.0,
      2.0,
      1.0,
      0.5,
      2.0
    ],
    [
      1.0,
      0.5,
      1.0,
      3.0,
      2.0,
      1.0,
      5.0
    ],
    [
      0.2,
      0.14285714285714285,
      0.3333333333333333,
      0.5,
      0.5,
      0.2,
      1.0
    ]
  ],
  "weights": [
    0.18587991035084173,
    0.22436781781929474,
    0.09939452353937,
    0.09223570228644955,
    0.16991521627676182,
    0.18587991035084173,
    0.0423269193764406
  ],
  "consistency_ratio": 0.06335534943183639,
  "promethee_weights": [
    1.0,
    1.0,
    1.0,
    1.0,
    1.0,
    1.0,
    1.0
  ],
  "promethee_functions": [
    "t1",
    "t1",
    "t1",
    "t1",
    "t1",
    "t1",
    "t1"
  ],
  "promethee_q": [
    0.0,
    0.0,
    0.0,
    0.0,
    0.0,
    0.0,
    0.0
  ],
  "promethee_p": [
    0.0,
    0.0,
    0.0,
    0.0,
    0.0,
    0.0,
    0.0
  ],
  "promethee_s": [
    0.0,
    0.0,
    0.0,
    0.0,
    0.0,
    0.0,
    0.0
  ],
  "promethee_directions": [
    "max",
    "max",
    "max",
    "max",
    "max",
    "max",
    "max"
  ],
  "options": [
    "\u041b\u0438\u0441\u0441\u0430\u0431\u043e\u043d (\u041f\u043e\u0440\u0442\u0443\u0433\u0430\u043b\u0438\u044f)",
    "\u0411\u0430\u0440\u0441\u0435\u043b\u043e\u043d\u0430 (\u0418\u0441\u043f\u0430\u043d\u0438\u044f)",
    "Silicon Valley (\u0421\u0428\u0410)",
    "\u0421\u0438\u0434\u043d\u0435\u0439 (\u0410\u0432\u0441\u0442\u0440\u0430\u043b\u0438\u044f)",
    "\u041c\u043e\u0441\u043a\u0432\u0430 (\u0420\u043e\u0441\u0441\u0438\u044f)",
    "\u041b\u043e\u043d\u0434\u043e\u043d (\u0412\u0435\u043b\u0438\u043a\u043e\u0431\u0440\u0438\u0442\u0430\u043d\u0438\u044f)",
    "\u0426\u044e\u0440\u0438\u0445 (\u0428\u0432\u0435\u0439\u0446\u0430\u0440\u0438\u044f)",
    "\u0410\u043c\u0441\u0442\u0435\u0440\u0434\u0430\u043c (\u041d\u0438\u0434\u0435\u0440\u043b\u0430\u043d\u0434\u044b)",
    "\u0422\u043e\u0440\u043e\u043d\u0442\u043e (\u041a\u0430\u043d\u0430\u0434\u0430)",
    "\u0421\u0438\u043d\u0433\u0430\u043f\u0443\u0440"
  ],
  "scores": [
    [
      9,
      6,
      7,
      9,
      8,
      8,
      10
    ],
    [
      8,
      6,
      9,
      8,
      7,
      8,
      7
    ],
    [
      8,
      9,
      7,
      9,
      9,
      6,
      5
    ],
    [
      9,
      7,
      9,
      9,
      9,
      9,
      9
    ],
    [
      3,
      6.0,
      6.0,
      5,
      10.0,
      7.0,
      10.0
    ],
    [
      9,
      8,
      8,
      7,
      9,
      8,
      8
    ],
    [
      10,
      9,
      10,
      10,
      6,
      8,
      6
    ],
    [
      9,
      7,
      8,
      7,
      9,
      9,
      7
    ],
    [
      9,
      7,
      9,
      7,
      10,
      9,
      10
    ],
    [
      7,
      9,
      9,
      6,
      9,
      8,
      7
    ]
  ],
  "results": [
    {
      "option": "\u0422\u043e\u0440\u043e\u043d\u0442\u043e (\u041a\u0430\u043d\u0430\u0434\u0430)",
      "score": 0.7436771296231617
    },
    {
      "option": "\u0426\u044e\u0440\u0438\u0445 (\u0428\u0432\u0435\u0439\u0446\u0430\u0440\u0438\u044f)",
      "score": 0.7342632781051386
    },
    {
      "option": "\u0421\u0438\u0434\u043d\u0435\u0439 (\u0410\u0432\u0441\u0442\u0440\u0430\u043b\u0438\u044f)",
      "score": 0.729627222593263
    },
    {
      "option": "\u0421\u0438\u043d\u0433\u0430\u043f\u0443\u0440",
      "score": 0.6918650627522066
    },
    {
      "option": "\u041b\u043e\u043d\u0434\u043e\u043d (\u0412\u0435\u043b\u0438\u043a\u043e\u0431\u0440\u0438\u0442\u0430\u043d\u0438\u044f)",
      "score": 0.6722482294080367
    },
    {
      "option": "\u0410\u043c\u0441\u0442\u0435\u0440\u0434\u0430\u043c (\u041d\u0438\u0434\u0435\u0440\u043b\u0430\u043d\u0434\u044b)",
      "score": 0.6509535430432642
    },
    {
      "option": "Silicon Valley (\u0421\u0428\u0410)",
      "score": 0.5832127872771837
    },
    {
      "option": "\u041b\u0438\u0441\u0441\u0430\u0431\u043e\u043d (\u041f\u043e\u0440\u0442\u0443\u0433\u0430\u043b\u0438\u044f)",
      "score": 0.5091672979062968
    },
    {
      "option": "\u0411\u0430\u0440\u0441\u0435\u043b\u043e\u043d\u0430 (\u0418\u0441\u043f\u0430\u043d\u0438\u044f)",
      "score": 0.44598819061637396
    },
    {
      "option": "\u041c\u043e\u0441\u043a\u0432\u0430 (\u0420\u043e\u0441\u0441\u0438\u044f)",
      "score": 0.27420210577014964
    }
  ]
}