{
  "name": "gemini",
  "method_id": "ahp",
  "criteria": [
    "\u0421\u0432\u043e\u0431\u043e\u0434\u044b \u0438 \u0431\u0435\u0437\u043e\u043f\u0430\u0441\u043d\u043e\u0441\u0442\u044c",
    "\u0424\u0438\u043d\u0430\u043d\u0441\u044b \u0438 \u043a\u0430\u043f\u0438\u0442\u0430\u043b",
    "\u0417\u0434\u043e\u0440\u043e\u0432\u044c\u0435 \u0438 \u043c\u0435\u0434\u0438\u0446\u0438\u043d\u0430",
    "\u042d\u043a\u043e\u043b\u043e\u0433\u0438\u044f \u0438 \u043a\u043b\u0438\u043c\u0430\u0442",
    "\u0421\u043e\u0446\u0438\u0430\u043b\u0438\u0437\u0430\u0446\u0438\u044f",
    "\u0414\u0435\u0442\u0438 \u0438 \u0441\u0435\u043c\u044c\u044f",
    "\u0418\u043c\u043c\u0438\u0433\u0440\u0430\u0446\u0438\u044f \u0438 \u043f\u0430\u0441\u043f\u043e\u0440\u0442"
  ],
  "pairwise": [
    [
      1.0,
      0.3333333333333333,
      0.5,
      0.2,
      0.3333333333333333,
      0.5,
      0.5
    ],
    [
      3.0,
      1.0,
      2.0,
      0.5,
      5.0,
      0.5,
      0.5
    ],
    [
      2.0,
      0.5,
      1.0,
      0.3333333333333333,
      2.0,
      1.0,
      0.5
    ],
    [
      5.0,
      2.0,
      3.0,
      1.0,
      3.0,
      0.5,
      0.5
    ],
    [
      3.0,
      0.2,
      0.5,
      0.3333333333333333,
      1.0,
      0.2,
      0.3333333333333333
    ],
    [
      2.0,
      2.0,
      1.0,
      2.0,
      5.0,
      1.0,
      2.0
    ],
    [
      2.0,
      2.0,
      2.0,
      2.0,
      3.0,
      0.5,
      1.0
    ]
  ],
  "weights": [
    0.05400046677982238,
    0.15121262485004774,
    0.10700976397737731,
    0.19532260894824519,
    0.0611946430042527,
    0.23412812307969838,
    0.19713176936055624
  ],
  "consistency_ratio": 0.09484470473571849,
  "promethee_weights": [
    1.0,
    1.0,
    1.0,
    1.0,
    1.0,
    1.0,
    1.0
  ],
  "promethee_functions": [
    "t1",
    "t1",
    "t1",
    "t1",
    "t1",
    "t1",
    "t1"
  ],
  "promethee_q": [
    0.0,
    0.0,
    0.0,
    0.0,
    0.0,
    0.0,
    0.0
  ],
  "promethee_p": [
    0.0,
    0.0,
    0.0,
    0.0,
    0.0,
    0.0,
    0.0
  ],
  "promethee_s": [
    0.0,
    0.0,
    0.0,
    0.0,
    0.0,
    0.0,
    0.0
  ],
  "promethee_directions": [
    "max",
    "max",
    "max",
    "max",
    "max",
    "max",
    "max"
  ],
  "options": [
    "\u041b\u0438\u0441\u0441\u0430\u0431\u043e\u043d",
    "\u0421\u0438\u0434\u043d\u0435\u0439",
    "\u041c\u0435\u043b\u044c\u0431\u0443\u0440\u043d",
    "\u0410\u043c\u0441\u0442\u0435\u0440\u0434\u0430\u043c",
    "\u0426\u044e\u0440\u0438\u0445",
    "\u0413\u0451\u0442\u0435\u0431\u043e\u0440\u0433",
    "\u0411\u0430\u0440\u0441\u0435\u043b\u043e\u043d\u0430",
    "\u0422\u043e\u0440\u043e\u043d\u0442\u043e",
    "\u041b\u043e\u043d\u0434\u043e\u043d",
    "\u041a\u0440\u0435\u043c\u043d\u0438\u0435\u0432\u0430\u044f \u0414\u043e\u043b\u0438\u043d\u0430"
  ],
  "scores": [
    [
      8,
      6,
      7.5,
      9,
      8,
      8,
      8
    ],
    [
      8.5,
      6,
      8,
      9,
      9.5,
      7,
      6
    ],
    [
      8.5,
      6.5,
      8,
      7.5,
      9.5,
      7,
      6
    ],
    [
      8,
      6,
      9,
      6,
      7.5,
      9,
      6
    ],
    [
      10,
      9,
      10,
      8,
      5,
      7,
      2
    ],
    [
      9,
      5,
      7,
      7,
      6,
      10,
      7
    ],
    [
      6.5,
      7,
      7,
      9,
      8,
      8,
      4
    ],
    [
      8,
      5.5,
      5,
      5,
      8.5,
      8,
      9
    ],
    [
      6.5,
      6.5,
      6,
      5,
      10,
      6,
      7
    ],
    [
      6,
      7,
      7,
      8.5,
      9,
      5,
      3
    ]
  ],
  "results": [
    {
      "option": "\u041b\u0438\u0441\u0441\u0430\u0431\u043e\u043d",
      "score": 0.6597946282130616
    },
    {
      "option": "\u0421\u0438\u0434\u043d\u0435\u0439",
      "score": 0.5924550685691685
    },
    {
      "option": "\u0413\u0451\u0442\u0435\u0431\u043e\u0440\u0433",
      "score": 0.5681410185166008
    },
    {
      "option": "\u0411\u0430\u0440\u0441\u0435\u043b\u043e\u043d\u0430",
      "score": 0.5539999076365131
    },
    {
      "option": "\u0426\u044e\u0440\u0438\u0445",
      "score": 0.5523660615503106
    },
    {
      "option": "\u041c\u0435\u043b\u044c\u0431\u0443\u0440\u043d",
      "score": 0.5381106683198326
    },
    {
      "option": "\u0410\u043c\u0441\u0442\u0435\u0440\u0434\u0430\u043c",
      "score": 0.5297883983361606
    },
    {
      "option": "\u0422\u043e\u0440\u043e\u043d\u0442\u043e",
      "score": 0.4263467048075193
    },
    {
      "option": "\u041a\u0440\u0435\u043c\u043d\u0438\u0435\u0432\u0430\u044f \u0414\u043e\u043b\u0438\u043d\u0430",
      "score": 0.36643489658631384
    },
    {
      "option": "\u041b\u043e\u043d\u0434\u043e\u043d",
      "score": 0.3336854197680251
    }
  ]
}